path,methods,endpoint,source_file,source_line,auth_class,tables_detected,tables_touched,ownership_check,secrets_in_response,filesystem_access,csrf_needed,rate_limit_needed,planned_workspace_scope,risk,notes
/,GET,index,sau_backend.py,475,public,,none,n/a-no-data,none,sau_frontend/dist (read),n,none,public-keep,P2,
/accounts/<int:account_id>,PATCH,accounts_patch,sau_backend.py,5550,bearer,accounts;profiles,accounts;profiles,none,oauth_tokens;config_json,none,y,standard,workspace,P0,returns _account_payload() = full accounts.config_json incl. plaintext OAuth access/refresh tokens (sau_backend.py:1902). caller-chosen id(s); no owner/tenant validation exists today
/accounts/<int:account_id>/check-connection,POST,accounts_check_connection,sau_backend.py,5285,bearer,accounts;profiles,accounts;account_events,none,oauth_tokens;config_json,none,y,standard,workspace,P0,returns _account_payload() = full accounts.config_json incl. plaintext OAuth access/refresh tokens (sau_backend.py:1902)
/accounts/<int:account_id>/import-cookies,POST,import_cookies,sau_backend.py,1652,bearer,accounts;profiles,accounts;profiles,none,none,cookies (write),y,strict,workspace,P1,writes cookie file for caller-chosen account id
/accounts/<int:account_id>/refresh-token,POST,accounts_refresh_token,sau_backend.py,5300,bearer,accounts;profiles,accounts;account_events,none,oauth_tokens;config_json,none,y,standard,workspace,P0,returns _account_payload() = full accounts.config_json incl. plaintext OAuth access/refresh tokens (sau_backend.py:1902)
/accounts/batch/check-connections,POST,accounts_batch_check_connections,sau_backend.py,5314,bearer,,accounts;account_events,none,oauth_tokens;config_json,none,y,strict,workspace,P0,returns _account_payload() = full accounts.config_json incl. plaintext OAuth access/refresh tokens (sau_backend.py:1902); arbitrary accountIds accepted
/accounts/batch/refresh-tokens,POST,accounts_batch_refresh_tokens,sau_backend.py,5329,bearer,,accounts;account_events,none,oauth_tokens;config_json,none,y,strict,workspace,P0,returns _account_payload() = full accounts.config_json incl. plaintext OAuth access/refresh tokens (sau_backend.py:1902); arbitrary accountIds accepted
/accounts/events,GET,accounts_events_list,sau_backend.py,5344,bearer,account_events,account_events,none,none,none,n,standard,workspace,P1,global event feed
/accounts/health-summary,GET,accounts_health_summary,sau_backend.py,5363,bearer,account_events;accounts;prepared_posts;profiles,accounts;account_events;prepared_posts;profiles,none,none,none,n,standard,workspace,P1,global scan
/accounts/import-cookies,POST,accounts_import_cookies,sau_backend.py,7815,bearer,accounts;profiles,accounts;profiles,none,none,cookies (write),y,strict,workspace,P1,
/accounts/maintenance/run,POST,accounts_maintenance_run,sau_backend.py,5489,bearer,,accounts;account_events,none,none,none,y,strict,admin-only,P1,triggers global account-maintenance scan in-process
/accounts/maintenance/status,GET,accounts_maintenance_status,sau_backend.py,5521,bearer,,none,n/a-no-data,none,none,n,standard,admin-only,P2,
/accounts/tiktok/refresh-stale,POST,accounts_refresh_stale_tiktok_tokens,sau_backend.py,5526,bearer,accounts;profiles,accounts;account_events,none,oauth_tokens;config_json,none,y,strict,workspace,P0,returns _account_payload() = full accounts.config_json incl. plaintext OAuth access/refresh tokens (sau_backend.py:1902); defaults to ALL stale TikTok accounts
/accounts/validate-config,POST,accounts_validate_config,sau_backend.py,5232,bearer,,accounts;profiles,none,none,none,y,standard,workspace,P2,validates candidate config (secrets arrive in request body)
/admin/oauth/status,GET,oauth_admin_status,sau_backend.py,4430,bearer,account_events;accounts;meta_oauth_requests;prepared_posts;profiles;reddit_oauth_requests;threads_oauth_requests;tiktok_oauth_requests;tiktok_review_events;twitter_oauth_requests;youtube_oauth_requests,accounts;account_events;meta_oauth_requests;reddit_oauth_requests;threads_oauth_requests;tiktok_oauth_requests;tiktok_review_events;twitter_oauth_requests;youtube_oauth_requests;profiles;prepared_posts,none,oauth_tokens;config_json,none,n,standard,admin-only,P0,returns _account_payload() = full accounts.config_json incl. plaintext OAuth access/refresh tokens (sau_backend.py:1902) (via account_payload at :4464)
/admin/tiktok/status,GET,tiktok_admin_status,sau_backend.py,5061,bearer,tiktok_oauth_requests;tiktok_review_events,tiktok_oauth_requests;tiktok_review_events,none,none,none,n,standard,admin-only,P1,
/analytics/advice,POST,analytics_advice_route,sau_backend.py,6890,bearer,,video_analytics_videos;video_analytics_snapshots,none,none,none,y,standard,workspace,P1,calls LLM
/analytics/overview,GET,analytics_overview_route,sau_backend.py,6804,bearer,analytics_sync_log;video_analytics_snapshots;video_analytics_videos,video_analytics_videos;video_analytics_snapshots;accounts,none,none,none,n,standard,workspace,P1,cross-account aggregate
/analytics/sync,POST,analytics_sync_route,sau_backend.py,6747,bearer,analytics_sync_log;video_analytics_snapshots;video_analytics_videos,video_analytics_videos;video_analytics_snapshots;analytics_sync_log;accounts,none,none,none,y,strict,workspace,P1,syncs ALL enabled accounts globally
/analytics/sync/job,GET,analytics_sync_job_status,sau_backend.py,6780,bearer,,analytics_sync_log,none,none,none,n,standard,workspace,P2,
/analytics/sync/status,GET,analytics_sync_status_route,sau_backend.py,6791,bearer,analytics_sync_log;video_analytics_snapshots;video_analytics_videos,analytics_sync_log,none,none,none,n,standard,workspace,P2,
/analytics/thumbnail/<platform_video_id>,GET,analytics_thumbnail_proxy,sau_backend.py,6910,public,analytics_sync_log;video_analytics_snapshots;video_analytics_videos,video_analytics_videos;accounts,none,none,S3 thumbnails/ (read/write),n,strict,public-remove,P1,UNAUTHENTICATED (public prefix); on cache miss refreshes a token from the FIRST TikTok account and fetches upstream by caller-chosen id
/analytics/top-videos,GET,analytics_top_videos_route,sau_backend.py,6852,bearer,analytics_sync_log;video_analytics_snapshots;video_analytics_videos,video_analytics_videos;video_analytics_snapshots,none,none,none,n,standard,workspace,P1,
/analytics/trends,GET,analytics_trends_route,sau_backend.py,6870,bearer,analytics_sync_log;video_analytics_snapshots;video_analytics_videos,video_analytics_snapshots,none,none,none,n,standard,workspace,P1,
/analytics/videos,GET,analytics_videos_route,sau_backend.py,6823,bearer,analytics_sync_log;video_analytics_snapshots;video_analytics_videos,video_analytics_videos;video_analytics_snapshots,none,none,none,n,standard,workspace,P1,
/analytics/videos/<platform_video_id>/history,GET,analytics_video_history_route,sau_backend.py,6840,bearer,analytics_sync_log;video_analytics_snapshots;video_analytics_videos,video_analytics_snapshots,none,none,none,n,standard,workspace,P1,caller-chosen id(s); no owner/tenant validation exists today
/api/accounts,GET,api_accounts,sau_backend.py,7671,bearer,accounts;prepared_posts;profiles,accounts;profiles;account_events,none,none,none,n,standard,workspace,P1,deliberately redacted projection (no raw config) — model for target DTOs
/api/accounts/<int:account_id>/check,POST,api_account_check,sau_backend.py,7777,bearer,accounts;profiles,accounts;account_events,none,none,none,y,standard,workspace,P1,caller-chosen id(s); no owner/tenant validation exists today
/api/accounts/health,GET,api_accounts_health,sau_backend.py,7761,bearer,accounts;profiles,accounts;account_events,none,none,none,n,standard,workspace,P1,global scan
/api/auth/cookies/<int:account_id>/export,GET,api_cookies_export,sau_backend.py,7793,bearer,accounts;profiles,accounts,none,cookies,cookies (read+decrypt),n,strict,admin-only,P0,decrypted cookie export by bare account id; also calls nonexistent cookie_storage.read_cookie_file -> always falls back to raw file read (defect D-2); remove or gate+audit in Phase 7
/api/auth/cookies/import,POST,api_cookies_import,sau_backend.py,7891,bearer,,accounts,none,none,cookies (write),y,strict,workspace,P1,
/api/campaigns/<int:campaign_id>/approve,POST,api_campaign_approve,sau_backend.py,7436,bearer,campaign_artifacts;campaign_posts;campaigns;prepared_posts,campaigns;prepared_posts,none,none,none,y,standard,workspace,P1,caller-chosen id(s); no owner/tenant validation exists today
/api/campaigns/<int:campaign_id>/export/csv,GET,api_campaign_export_csv,sau_backend.py,7547,bearer,accounts;campaign_artifacts;campaign_posts;campaigns;prepared_posts;profiles;sheet_exports,campaigns;prepared_posts,none,none,none,n,standard,workspace,P1,caller-chosen id(s); no owner/tenant validation exists today
/api/campaigns/<int:campaign_id>/export/google-sheet,POST,api_campaign_export_sheet,sau_backend.py,7486,bearer,campaign_artifacts;campaign_posts;campaigns;prepared_posts;sheet_exports,campaigns;prepared_posts;sheet_exports,none,none,none,y,standard,workspace,P1,exports to external Google Sheet via service account
/api/campaigns/<int:campaign_id>/generate,POST,api_campaign_generate,sau_backend.py,7297,bearer,accounts;campaign_artifacts;campaign_posts;campaigns;media_assets;prepared_posts;profiles,campaigns;campaign_posts;prepared_posts,none,none,none,y,strict,workspace,P1,calls LLM
/api/campaigns/<int:campaign_id>/posts,GET,api_campaign_posts,sau_backend.py,7459,bearer,campaign_artifacts;campaign_posts;campaigns;prepared_posts,campaigns;prepared_posts,none,none,none,n,standard,workspace,P1,caller-chosen id(s); no owner/tenant validation exists today
/api/campaigns/<int:campaign_id>/posts/<int:post_id>,PATCH,api_update_prepared_post,sau_backend.py,7470,bearer,campaign_artifacts;campaign_posts;campaigns;prepared_posts,prepared_posts,none,none,none,y,standard,workspace,P1,caller-chosen id(s); no owner/tenant validation exists today
/api/campaigns/<int:campaign_id>/validate,POST,api_campaign_validate,sau_backend.py,7417,bearer,campaign_artifacts;campaign_posts;campaigns;prepared_posts,campaigns;prepared_posts,none,none,none,y,standard,workspace,P1,caller-chosen id(s); no owner/tenant validation exists today
/api/data-deletion-request,POST,api_data_deletion_request,sau_backend.py,503,bearer,,none,n/a-no-data,none,db/data_deletion_requests.jsonl (append),y,strict,public-keep,P1,public form's backend but bearer-gated (broken in protected mode); logs+stores PII unauthenticated-adjacent
/api/media-groups/<int:group_id>,PATCH,api_update_media_group,sau_backend.py,7254,bearer,media_groups,media_groups,none,none,none,y,standard,workspace,P1,caller-chosen id(s); no owner/tenant validation exists today
/api/media-groups/<int:group_id>/items/reorder,PATCH,api_reorder_media_group_items,sau_backend.py,7274,bearer,media_group_items,media_group_items,none,none,none,y,standard,workspace,P1,caller-chosen id(s); no owner/tenant validation exists today
/api/media/assets,GET,api_list_media_assets,sau_backend.py,7076,bearer,media_assets,media_assets,none,none,none,n,standard,workspace,P1,global list; table has no ownership column
/api/media/assets/<int:asset_id>,DELETE,api_delete_media_asset,sau_backend.py,7103,bearer,media_assets,media_assets,none,none,videoFile;S3 (delete),y,standard,workspace,P1,caller-chosen id(s); no owner/tenant validation exists today
/api/media/assets/<int:asset_id>,GET,api_get_media_asset,sau_backend.py,7094,bearer,media_assets,media_assets,none,none,none,n,standard,workspace,P1,caller-chosen id(s); no owner/tenant validation exists today
/api/media/assets/<int:asset_id>/process,POST,api_process_media_asset,sau_backend.py,7164,bearer,media_assets;watermark_configs,media_assets;watermark_configs,none,none,videoFile (read/write),y,strict,workspace,P1,runs media pipeline in-process
/api/media/assets/<int:asset_id>/upload-rclone,POST,api_upload_asset_rclone,sau_backend.py,7233,bearer,media_assets,media_assets,none,none,rclone remote (write),y,strict,workspace,P1,
/api/media/upload/batch,POST,api_batch_upload,sau_backend.py,7113,bearer,media_assets,media_assets;media_groups;media_group_items,none,none,videoFile (write),y,strict,workspace,P1,
/api/sheet-exports,GET,api_list_sheet_exports,sau_backend.py,7579,bearer,campaign_artifacts;campaign_posts;campaigns;sheet_exports,sheet_exports,none,none,none,n,standard,workspace,P1,global list
/api/watermark-configs,GET,api_list_watermark_configs,sau_backend.py,7019,bearer,watermark_configs,watermark_configs,none,none,none,n,standard,workspace,P1,
/api/watermark-configs,POST,api_create_watermark_config,sau_backend.py,7026,bearer,watermark_configs,watermark_configs,none,none,none,y,standard,workspace,P1,
/api/watermark-configs/<int:config_id>,DELETE,api_delete_watermark_config,sau_backend.py,7064,bearer,watermark_configs,watermark_configs,none,none,none,y,standard,workspace,P1,caller-chosen id(s); no owner/tenant validation exists today
/api/watermark-configs/<int:config_id>,GET,api_get_watermark_config,sau_backend.py,7042,bearer,watermark_configs,watermark_configs,none,none,none,n,standard,workspace,P1,caller-chosen id(s); no owner/tenant validation exists today
/api/watermark-configs/<int:config_id>,PATCH,api_update_watermark_config,sau_backend.py,7051,bearer,watermark_configs,watermark_configs,none,none,none,y,standard,workspace,P1,caller-chosen id(s); no owner/tenant validation exists today
/assets/<path:filename>,GET,custom_static,sau_backend.py,452,public,,none,n/a-no-data,none,sau_frontend/dist (read),n,none,public-keep,P2,
/campaigns/<int:campaign_id>,GET,campaigns_get,sau_backend.py,5926,bearer,campaign_artifacts;campaign_posts;campaigns,campaigns;campaign_artifacts;campaign_posts,none,none,none,n,standard,workspace,P1,caller-chosen id(s); no owner/tenant validation exists today
/campaigns/<int:campaign_id>/posts/<int:post_id>,PATCH,campaigns_posts_patch,sau_backend.py,5940,bearer,campaign_artifacts;campaign_posts;campaigns,campaign_posts,none,none,none,y,standard,workspace,P1,caller-chosen id(s); no owner/tenant validation exists today
/campaigns/<int:campaign_id>/publish,POST,campaigns_publish,sau_backend.py,5967,bearer,accounts;campaign_artifacts;campaign_posts;campaigns;profiles;publish_job_targets;publish_jobs,campaigns;campaign_posts;publish_jobs;publish_job_targets,none,none,none,y,strict,workspace,P1,
/campaigns/prepare,POST,campaigns_prepare,sau_backend.py,5742,bearer,accounts;campaign_artifacts;campaign_posts;campaigns;profiles,campaigns;campaign_artifacts;campaign_posts;media_groups;media_group_items,none,none,none,y,standard,workspace,P1,
/data-deletion,GET,data_deletion_page,sau_backend.py,496,bearer,,none,n/a-no-data,none,sau_frontend/dist (read),n,none,public-keep,P2,"page Meta requires to be public, but it is NOT in PUBLIC_PATHS -> 401 in token-protected mode (defect D-13)"
/data-deletion/,GET,data_deletion_page,sau_backend.py,496,bearer,,none,n/a-no-data,none,sau_frontend/dist (read),n,none,public-keep,P2,same gate inconsistency as /data-deletion
/deleteAccount,GET,delete_account,sau_backend.py,1238,bearer,accounts;file_records;user_info,user_info,none,none,cookiesFile (delete),y,standard,workspace,P1,state-changing GET; deletes any account by id. caller-chosen id(s); no owner/tenant validation exists today
/deleteFile,GET,delete_file,sau_backend.py,1124,bearer,file_records;storage_backends;user_info,file_records,none,none,videoFile (delete),y,standard,workspace,P1,state-changing GET; deletes any file by id. caller-chosen id(s); no owner/tenant validation exists today
/deleteFiles,POST,delete_files_batch,sau_backend.py,1191,bearer,file_records;storage_backends;user_info,file_records,none,none,videoFile (delete),y,standard,workspace,P1,caller-chosen id(s); no owner/tenant validation exists today
/downloadCookie,GET,download_cookie,sau_backend.py,1760,bearer,,none,none,cookies,cookies;cookiesFile (read+decrypt),n,strict,admin-only,P0,returns DECRYPTED cookie bytes for any allowed path; remove or gate+audit in Phase 7
/favicon.ico,GET,favicon,sau_backend.py,457,public,,none,n/a-no-data,none,sau_frontend/dist (read),n,none,public-keep,P2,
/getAccounts,GET,getAccounts,sau_backend.py,1061,bearer,file_records;user_info,user_info,none,none,none,n,standard,workspace,P1,lists every legacy account globally incl. cookie file paths
/getFile,GET,get_file,sau_backend.py,876,public,,file_records,none,none,videoFile (read) / CDN redirect,n,strict,public-remove,P1,UNAUTHENTICATED media fetch by filename (public path); path-traversal-guarded only; replace with authorized/presigned download
/getFiles,GET,get_all_files,sau_backend.py,1019,bearer,file_records;user_info,file_records,none,none,none,n,standard,workspace,P1,global file list
/getValidAccounts,GET,getValidAccounts,sau_backend.py,1093,bearer,file_records;user_info,user_info,none,none,cookiesFile (read),n,strict,workspace,P1,runs live cookie-validity browser checks inline in the request; global scan
/healthz,GET,sau_health.healthz,sau_app/health.py,29,public,,none,n/a-no-data,none,none,n,none,system,P2,liveness probe (public); no dependency checks
/jobs,GET,jobs_list,sau_backend.py,6078,bearer,publish_job_targets;publish_jobs,publish_jobs;publish_job_targets,none,none,none,n,standard,workspace,P1,global job list
/jobs,POST,jobs_create,sau_backend.py,6051,bearer,publish_job_targets;publish_jobs,publish_jobs;publish_job_targets,none,none,none,y,strict,workspace,P1,client-supplied idempotencyKey deduped against a GLOBALLY unique column -> cross-tenant collision in multi-user
/jobs/<int:job_id>,GET,jobs_get,sau_backend.py,6098,bearer,publish_job_targets;publish_jobs,publish_jobs;publish_job_targets,none,none,none,n,standard,workspace,P1,caller-chosen id(s); no owner/tenant validation exists today
/jobs/<int:job_id>/cancel,POST,jobs_cancel,sau_backend.py,6110,bearer,publish_job_targets;publish_jobs,publish_jobs;publish_job_targets,none,none,none,y,standard,workspace,P1,caller-chosen id(s); no owner/tenant validation exists today
/jobs/run,POST,jobs_run,sau_backend.py,6121,bearer,,publish_jobs;publish_job_targets;accounts;profiles,none,none,videoFile;cookies;cookiesFile (read),y,strict,admin-only,P1,runs the worker drain synchronously inside the web process
/login,GET,login,sau_backend.py,1318,sse-query,accounts;profiles,user_info;accounts;profiles,none,none,cookiesFile;cookies (write),n,strict,workspace,P1,SSE login flow; accepts bearer via ?auth= query param (history/log leak surface); launches Playwright
/media-groups,GET,media_groups_list,sau_backend.py,5716,bearer,,media_groups;media_group_items,none,none,none,n,standard,workspace,P1,global list; no ownership column
/media-groups,POST,media_groups_create,sau_backend.py,5675,bearer,,media_groups;media_group_items,none,none,none,y,standard,workspace,P1,
/media-groups/<int:media_group_id>,GET,media_groups_get,sau_backend.py,5727,bearer,,media_groups;media_group_items,none,none,none,n,standard,workspace,P1,caller-chosen id(s); no owner/tenant validation exists today
/media/video-info,POST,media_video_info,sau_backend.py,5592,bearer,,none,none,none,videoFile (read/ffprobe),y,standard,workspace,P2,
/oauth/messenger/callback,GET|POST,messenger_webhook,sau_backend.py,4991,public,,none,n/a-no-data,none,none,y,strict,public-keep,P1,Meta webhook verify/receive
/oauth/meta/callback,GET,meta_oauth_callback,sau_backend.py,3529,public,account_events;accounts;meta_oauth_requests;profiles,meta_oauth_requests;accounts;account_events,none,oauth_tokens,none,n,strict,public-keep,P0,"callback HTML posts result via postMessage(..., '*') to any opener origin (:3529+); tokens written plaintext to accounts.config_json"
/oauth/meta/data-deletion,POST,meta_data_deletion,sau_backend.py,5024,public,,accounts;account_events,none,none,none,y,strict,public-keep,P1,validates Meta signed_request
/oauth/meta/data-deletion/status,GET,meta_data_deletion_status,sau_backend.py,5048,bearer,,account_events,none,none,none,n,standard,public-keep,P2,status page for Meta data-deletion callbacks; bearer-gated today
/oauth/meta/deauthorize,POST,meta_deauthorize,sau_backend.py,5005,public,,accounts;account_events,none,none,none,y,strict,public-keep,P1,validates Meta signed_request
/oauth/meta/start,POST,meta_oauth_start,sau_backend.py,3483,bearer,account_events;accounts;meta_oauth_requests;profiles,meta_oauth_requests;profiles;accounts,none,oauth_state,none,y,strict,workspace,P0,accepts client-supplied redirectUri which is also used in the token exchange (:3460)
/oauth/patreon/callback,GET,patreon_oauth_callback,sau_backend.py,6608,bearer,account_events;accounts;campaign_artifacts;campaign_posts;campaigns;file_records;profiles;user_info,accounts;account_events,none,oauth_tokens,none,n,strict,public-keep,P0,"NOT in PUBLIC_PATHS -> browser redirect gets 401 in token-protected mode (defect D-12); callback HTML posts result via postMessage(..., '*') to any opener origin"
/oauth/patreon/start,POST,patreon_oauth_start,sau_backend.py,6561,bearer,account_events;accounts;profiles,profiles;accounts,none,oauth_state,none,y,strict,workspace,P0,"accepts client-supplied redirectUri which is also used in the token exchange (:6491); state kept in in-process dict _PATREON_OAUTH_REQUESTS (:6501) — lost on restart, breaks multi-process"
/oauth/reddit/callback,GET,reddit_oauth_callback,sau_backend.py,4078,public,account_events;accounts;file_records;profiles;reddit_oauth_requests;user_info,reddit_oauth_requests;accounts;account_events,none,oauth_tokens,none,n,strict,public-keep,P0,"callback HTML posts result via postMessage(..., '*') to any opener origin"
/oauth/reddit/start,POST,reddit_oauth_start,sau_backend.py,4030,bearer,account_events;accounts;profiles;reddit_oauth_requests,reddit_oauth_requests;profiles;accounts,none,oauth_state,none,y,strict,workspace,P0,accepts client-supplied redirectUri which is also used in the token exchange (:4007)
/oauth/threads/callback,GET,threads_oauth_callback,sau_backend.py,4587,public,account_events;accounts;profiles;threads_oauth_requests,threads_oauth_requests;accounts;account_events,none,oauth_tokens,none,n,strict,public-keep,P0,"callback HTML posts result via postMessage(..., '*') to any opener origin"
/oauth/threads/start,POST,threads_oauth_start,sau_backend.py,4542,bearer,account_events;accounts;profiles;threads_oauth_requests,threads_oauth_requests;profiles;accounts,none,oauth_state,none,y,strict,workspace,P0,accepts client-supplied redirectUri which is also used in the token exchange (:4519)
/oauth/tiktok/callback,GET,tiktok_oauth_callback,sau_backend.py,4761,public,account_events;accounts;file_records;prepared_posts;profiles;tiktok_oauth_requests;tiktok_review_events;user_info,tiktok_oauth_requests;accounts;account_events,none,oauth_tokens,none,n,strict,public-keep,P0,"callback HTML posts result via postMessage(..., '*') to any opener origin"
/oauth/tiktok/start,POST,tiktok_oauth_start,sau_backend.py,4708,bearer,account_events;accounts;profiles;tiktok_oauth_requests;tiktok_review_events,tiktok_oauth_requests;profiles;accounts,none,oauth_state,none,y,strict,workspace,P0,accepts client-supplied redirectUri which is also used in the token exchange (:4678)
/oauth/twitter/callback,GET,twitter_oauth_callback,sau_backend.py,4267,public,account_events;accounts;file_records;profiles;twitter_oauth_requests;user_info,twitter_oauth_requests;accounts;account_events,none,oauth_tokens,none,n,strict,public-keep,P0,"callback HTML posts result via postMessage(..., '*') to any opener origin (:4265,:4352)"
/oauth/twitter/start,POST,twitter_oauth_start,sau_backend.py,4221,bearer,account_events;accounts;profiles;twitter_oauth_requests,twitter_oauth_requests;profiles;accounts,none,oauth_state,none,y,strict,workspace,P0,accepts client-supplied redirectUri which is also used in the token exchange (:4198); PKCE code_verifier stored in table
/oauth/youtube/callback,GET,youtube_oauth_callback,sau_backend.py,3898,public,account_events;accounts;profiles;youtube_oauth_requests,youtube_oauth_requests;accounts;account_events,none,oauth_tokens,none,n,strict,public-keep,P0,"callback HTML posts result via postMessage(..., '*') to any opener origin (:3889,:3971)"
/oauth/youtube/start,POST,youtube_oauth_start,sau_backend.py,3850,bearer,account_events;accounts;profiles;youtube_oauth_requests,youtube_oauth_requests;profiles;accounts,none,oauth_state,none,y,strict,workspace,P0,accepts client-supplied redirectUri which is also used in the token exchange (:3827)
/postVideo,POST,postVideo,sau_backend.py,1381,bearer,,user_info;file_records,none,none,videoFile;cookiesFile (read),y,strict,workspace,P1,legacy publish: launches Playwright inline in the HTTP request thread
/postVideoBatch,POST,postVideoBatch,sau_backend.py,1498,bearer,,user_info;file_records,none,none,videoFile;cookiesFile (read),y,strict,workspace,P1,legacy batch publish inline in request thread
/privacy,GET,privacy_page,sau_backend.py,480,public,,none,n/a-no-data,none,sau_frontend/dist (read),n,none,public-keep,P2,
/privacy-policy.html,GET,privacy_page,sau_backend.py,480,public,,none,n/a-no-data,none,sau_frontend/dist (read),n,none,public-keep,P2,
/privacy/,GET,privacy_page,sau_backend.py,480,public,,none,n/a-no-data,none,sau_frontend/dist (read),n,none,public-keep,P2,
/profiles,GET,profiles_list,sau_backend.py,5138,bearer,accounts;profiles,profiles,none,none,none,n,standard,workspace,P1,global list_profiles()
/profiles,POST,profiles_create,sau_backend.py,5147,bearer,accounts;profiles,profiles,none,none,none,y,standard,workspace,P1,
/profiles/<int:profile_id>,DELETE,profiles_delete,sau_backend.py,5196,bearer,accounts;profiles,profiles;accounts,none,none,cookies (delete),y,standard,workspace,P1,cascade-deletes accounts. caller-chosen id(s); no owner/tenant validation exists today
/profiles/<int:profile_id>,GET,profiles_get,sau_backend.py,5166,bearer,accounts;profiles,profiles,none,none,none,n,standard,workspace,P1,caller-chosen id(s); no owner/tenant validation exists today
/profiles/<int:profile_id>,PATCH,profiles_patch,sau_backend.py,5177,bearer,accounts;profiles,profiles,none,none,none,y,standard,workspace,P1,caller-chosen id(s); no owner/tenant validation exists today
/profiles/<int:profile_id>/accounts,GET,profile_accounts_list,sau_backend.py,5209,bearer,accounts;profiles,profiles;accounts,none,oauth_tokens;config_json,none,n,standard,workspace-via-profile,P0,returns _account_payload() = full accounts.config_json incl. plaintext OAuth access/refresh tokens (sau_backend.py:1902)
/profiles/<int:profile_id>/accounts,POST,profile_accounts_create,sau_backend.py,5249,bearer,accounts;profiles,profiles;accounts,none,oauth_tokens;config_json,cookies (write),y,standard,workspace-via-profile,P0,returns _account_payload() = full accounts.config_json incl. plaintext OAuth access/refresh tokens (sau_backend.py:1902)
/publish-center/preview,POST,publish_center_preview,sau_backend.py,6307,bearer,,campaigns;campaign_posts;prepared_posts;publish_templates;media_groups,none,none,none,y,standard,workspace,P1,
/publish-center/regenerate,POST,publish_center_regenerate,sau_backend.py,6365,bearer,accounts;profiles,campaigns;campaign_posts;prepared_posts,none,none,none,y,standard,workspace,P1,calls LLM
/publish-center/submit,POST,publish_center_submit,sau_backend.py,6407,bearer,campaign_artifacts;campaign_posts;campaigns,campaigns;campaign_posts;prepared_posts;publish_jobs;publish_job_targets,none,none,none,y,strict,workspace,P1,
/publish-templates,GET,publish_templates_list,sau_backend.py,6474,bearer,,publish_templates,none,none,none,n,standard,workspace,P1,global; table has no ownership column
/publish-templates,POST,publish_templates_create,sau_backend.py,6487,bearer,,publish_templates,none,none,none,y,standard,workspace,P1,
/publish-templates/<int:template_id>,DELETE,publish_templates_delete,sau_backend.py,6543,bearer,,publish_templates,none,none,none,y,standard,workspace,P1,caller-chosen id(s); no owner/tenant validation exists today
/publish-templates/<int:template_id>,GET,publish_templates_get,sau_backend.py,6505,bearer,,publish_templates,none,none,none,n,standard,workspace,P1,caller-chosen id(s); no owner/tenant validation exists today
/publish-templates/<int:template_id>,PATCH,publish_templates_update,sau_backend.py,6517,bearer,,publish_templates,none,none,none,y,standard,workspace,P1,caller-chosen id(s); no owner/tenant validation exists today
/readyz,GET,sau_health.readyz,sau_app/health.py,34,public,,none,n/a-no-data,none,db/database.db (SELECT 1 ping),n,none,system,P2,readiness probe (public); DB connectivity check via registered readiness checks
/socialupload-app-icon.png,GET,app_icon,sau_backend.py,469,public,,none,n/a-no-data,none,sau_frontend/dist (read),n,none,public-keep,P2,
/terms,GET,terms_page,sau_backend.py,488,public,,none,n/a-no-data,none,sau_frontend/dist (read),n,none,public-keep,P2,
/terms-of-service.html,GET,terms_page,sau_backend.py,488,public,,none,n/a-no-data,none,sau_frontend/dist (read),n,none,public-keep,P2,
/terms/,GET,terms_page,sau_backend.py,488,public,,none,n/a-no-data,none,sau_frontend/dist (read),n,none,public-keep,P2,
/tiktok/creator-info/<int:account_id>,GET,tiktok_creator_info,sau_backend.py,5088,bearer,accounts;prepared_posts;profiles,accounts,none,none,none,n,standard,workspace,P1,caller-chosen id(s); no owner/tenant validation exists today
/tiktok/publish-status/<job_id>,GET,tiktok_publish_status,sau_backend.py,5127,bearer,publish_job_targets;publish_jobs;tiktok_publish_status,tiktok_publish_status,none,none,none,n,standard,workspace,P1,caller-chosen id(s); no owner/tenant validation exists today
/updateUserinfo,POST,updateUserinfo,sau_backend.py,1458,bearer,file_records;user_info,user_info,none,none,none,y,standard,workspace,P1,caller-chosen id(s); no owner/tenant validation exists today
/upload,POST,upload_file,sau_backend.py,541,bearer,,none,none,none,videoFile (write),y,strict,workspace,P1,shared videoFile/ namespace: <uuid>_<secure_filename>
/upload/direct,POST,upload_direct,sau_backend.py,572,bearer,,file_records;storage_backends,none,none,S3 uploads/ (write),y,strict,workspace,P1,
/upload/file,POST,upload_file_to_spaces,sau_backend.py,599,bearer,file_records;user_info,file_records;storage_backends,none,none,S3 uploads/ (write),y,strict,workspace,P1,
/upload/multipart/complete,POST,multipart_upload_complete,sau_backend.py,773,bearer,file_records;user_info,file_records;storage_backends,none,none,S3 uploads/ (write),y,strict,workspace,P1,
/upload/multipart/init,POST,multipart_upload_init,sau_backend.py,698,bearer,,storage_backends,none,none,S3 uploads/ (write),y,strict,workspace,P1,
/upload/multipart/part-proxy,POST,multipart_upload_part_proxy,sau_backend.py,818,bearer,,storage_backends,none,none,S3 uploads/ (proxy write),y,strict,workspace,P1,proxies raw part bytes through the API process
/upload/multipart/presign,POST,multipart_upload_presign,sau_backend.py,746,bearer,,storage_backends,none,none,S3 uploads/ (presign),y,strict,workspace,P1,presigns for client-supplied key/upload id
/upload/register,POST,upload_register,sau_backend.py,657,bearer,file_records;user_info,file_records,none,none,S3 uploads/ (register),y,strict,workspace,P1,trusts client-supplied key matching uploads/<uuid>_ regex; no tenant prefix
/uploadCookie,POST,upload_cookie,sau_backend.py,1562,bearer,,user_info,none,none,cookiesFile (write),y,strict,workspace,P1,accepts raw cookie/storage_state upload for arbitrary account names
/uploadSave,POST,upload_save,sau_backend.py,946,bearer,file_records;user_info,file_records,none,none,videoFile (write),y,strict,workspace,P1,
/vite.svg,GET,vite_svg,sau_backend.py,463,public,,none,n/a-no-data,none,sau_frontend/dist (read),n,none,public-keep,P2,
/webhooks/tiktok,GET|POST,tiktok_webhook,sau_backend.py,4951,public,,tiktok_review_events,n/a-no-data,none,none,y,strict,public-keep,P1,verifies Tiktok-Signature but persists events even when verification fails
/whoami,GET,whoami,sau_backend.py,397,bearer,,none,n/a-no-data,none,none,n,standard,system,P2,proves only token validity; replaced by /api/v1/session in target
